{
    "loss": 1.33807373046875,
    "accuracy": 0.7413793206214905
}