{
    "loss": 0.7964328527450562,
    "accuracy": 0.818965494632721
}