{
    "loss": 0.5779591202735901,
    "accuracy": 0.8793103694915771
}