{
    "loss": 0.9849900007247925,
    "accuracy": 0.8793103694915771
}